<?xml version="1.0" encoding="UTF-8"?>
<!DOCTYPE suite SYSTEM "http://testng.org/testng-1.0.dtd">
<suite guice-stage="DEVELOPMENT" name="Failed suite [Default suite]">
  <test name="Default test(failed)">
    <classes>
      <class name="filpkart_project.PurchaseFrige">
        <methods>
          <include name="openBrowser"/>
          <include name="purchase"/>
          <include name="takeReport"/>
          <include name="closeBrowser"/>
        </methods>
      </class> <!-- filpkart_project.PurchaseFrige -->
    </classes>
  </test> <!-- Default test(failed) -->
</suite> <!-- Failed suite [Default suite] -->
